{
  "top": {
    "resolution": [
      640,
      480
    ],
    "camera_matrix": [
      [
        613.8265046058002,
        0.0,
        297.71814440317297
      ],
      [
        0.0,
        611.5051167590697,
        238.55429132815945
      ],
      [
        0.0,
        0.0,
        1.0
      ]
    ],
    "dist_coeffs": [
      [
        0.041720963141797046,
        -0.1555249300271373,
        -0.009699740465327377,
        -0.013188060217301218,
        0.08543777443713761
      ]
    ],
    "intrinsic_reproj_error": 0.1239,
    "position": [
      -0.13260614972735046,
      -0.12933948560793695,
      0.30088758367544216
    ],
    "yaw": 41.4,
    "pitch": -46.2,
    "focus": 40
  },
  "side": {
    "resolution": [
      640,
      480
    ],
    "camera_matrix": [
      [
        496.3844846742246,
        0.0,
        311.83845658041656
      ],
      [
        0.0,
        499.2902302713204,
        254.6747151403975
      ],
      [
        0.0,
        0.0,
        1.0
      ]
    ],
    "dist_coeffs": [
      [
        0.04024410079195661,
        0.058149663241983764,
        -0.005847738137910138,
        -0.00048602323761965006,
        -0.3571080367753102
      ]
    ],
    "intrinsic_reproj_error": 0.1786,
    "position": [
      -0.10449534168337246,
      0.11448044305976599,
      0.15961754837017397
    ],
    "yaw": 83.0,
    "pitch": -48.9,
    "focus": 20
  },
  "arm_offset": [0.25, -0.12, 0.06]
}