{
  "camera_name": "top",
  "resolution": [
    1920,
    1080
  ],
  "camera_matrix": [
    [
      1195.1214045928618,
      0.0,
      940.9674787058788
    ],
    [
      0.0,
      1207.623736373306,
      462.0574135396546
    ],
    [
      0.0,
      0.0,
      1.0
    ]
  ],
  "dist_coeffs": [
    [
      0.021213746382901383,
      0.015636919217863084,
      -0.0250267312114805,
      0.0074493802811342455,
      -1.1605542534069055
    ]
  ],
  "reprojection_error": 0.364745930039878
}