{
  "camera_name": "top",
  "resolution": [
    640,
    480
  ],
  "camera_matrix": [
    [
      513.6947859293563,
      0.0,
      308.95670251488633
    ],
    [
      0.0,
      513.4007539754906,
      239.69217748523442
    ],
    [
      0.0,
      0.0,
      1.0
    ]
  ],
  "dist_coeffs": [
    [
      0.0889873930018953,
      -0.16602030592426684,
      -0.00846408103849393,
      -0.0012984510416492474,
      -0.016846603832676343
    ]
  ],
  "reprojection_error": 0.14051519783982921
}