{
  "camera_name": "wrist",
  "resolution": [
    640,
    480
  ],
  "camera_matrix": [
    [
      345.73964256690414,
      0.0,
      291.2515199136746
    ],
    [
      0.0,
      350.8625866240398,
      231.10297248277848
    ],
    [
      0.0,
      0.0,
      1.0
    ]
  ],
  "dist_coeffs": [
    [
      0.047263241913897275,
      -0.10464461803192394,
      -0.0023406033476660658,
      0.00967347486499099,
      0.03355895249562172
    ]
  ],
  "reprojection_error": 0.1964795276781107
}