{
  "camera_name": "wrist",
  "resolution": [
    640,
    480
  ],
  "camera_matrix": [
    [
      339.1166291968637,
      0.0,
      298.72998312726196
    ],
    [
      0.0,
      341.1535763241461,
      235.80911422846228
    ],
    [
      0.0,
      0.0,
      1.0
    ]
  ],
  "dist_coeffs": [
    [
      0.09235458818577989,
      -0.1204792569226279,
      -0.0028678914666171616,
      -0.006194508707895509,
      0.030875999608637204
    ]
  ],
  "reprojection_error": 0.13101338735520593
}