{
  "camera_name": "wrist",
  "resolution": [
    640,
    480
  ],
  "camera_matrix": [
    [
      346.37593847387393,
      0.0,
      298.5607745861732
    ],
    [
      0.0,
      344.8314542483269,
      235.21687789576174
    ],
    [
      0.0,
      0.0,
      1.0
    ]
  ],
  "dist_coeffs": [
    [
      0.0766670787019598,
      -0.09585935224419495,
      -0.0006498299874308191,
      -0.005067864476344663,
      0.017089027593097245
    ]
  ],
  "reprojection_error": 0.08165477825323564
}