{
  "camera_position": [
    -0.24995465292874794,
    -0.00631840288233379,
    0.30425727518828255
  ],
  "rotation_world_from_cam": [
    [
      0.7538802169608376,
      -0.650868355913989,
      0.08963817124920541
    ],
    [
      -0.5903299965525401,
      -0.6111445654195502,
      0.5272692057463882
    ],
    [
      -0.2884009598551276,
      -0.450413924549375,
      -0.8449569118757897
    ]
  ],
  "rotation_cam_from_world": [
    [
      0.7538802169608376,
      -0.5903299965525401,
      -0.2884009598551276
    ],
    [
      -0.650868355913989,
      -0.6111445654195502,
      -0.450413924549375
    ],
    [
      0.08963817124920541,
      0.5272692057463882,
      -0.8449569118757897
    ]
  ],
  "rvec": [
    2.410650697146534,
    -0.9321223479325482,
    -0.14926803345234788
  ],
  "tvec": [
    0.2724540154357559,
    -0.029507318198201855,
    0.2828212649119502
  ],
  "joint_angles": [
    -21.802197802197803,
    -41.714285714285715,
    -6.285714285714286,
    96.0,
    -90.32967032967034
  ],
  "reprojection_error_mean": 58.826863241148395,
  "reprojection_error_max": 144.26756238798563,
  "num_captures": 6,
  "num_points": 294
}